video_id,yt_link
L01_V001,https://www.youtube.com/watch?v=JbYI8OEkFK4
L01_V002,https://www.youtube.com/watch?v=4wYpu6476hI
L01_V003,https://www.youtube.com/watch?v=SGwX9Ah87RA
L01_V004,https://www.youtube.com/watch?v=YwRMKNp17ro
L01_V005,https://www.youtube.com/watch?v=0TMM7Q6o36o
L02_V001,https://www.youtube.com/watch?v=KZYvDWcXhzE&list=PLLsO3pH5RkARJRJ7fNKXATKUhb9YI6C0b
L02_V002,https://www.youtube.com/watch?v=BS4mSlNrE2g&list=PLLsO3pH5RkARJRJ7fNKXATKUhb9YI6C0b
L03_V001,https://www.youtube.com/watch?v=TYZXX3POiTg
L03_V002,https://www.youtube.com/watch?v=zQd2zQmWkUg
